Model,Chi2,P-Value,Significant
Gemma 3 (4B),68.3426439201205,5.0789288108746577e-14,True
Llama 3.2 (3B),6.581014810597911,0.1597568346769094,False
DeepSeek R1 (8B),129.22506657590208,5.703220166475612e-27,True
GPT-OSS (20B),19.511217369835144,0.0006234878197809453,True
