group,n_cases,n_models_observed,runs_observed,R_H_mean,R_R_mean,rationality_pass_mean,H_norm_k5_mean,EHE_k5_mean,H_norm_k4_mean,EHE_k4_mean,intervention_rows_mean,retry_rows_mean,retry_sum_mean
Group_A,9,6,"Run_1,Run_2",0.3818585153669943,0.08083517822037539,0.9191648217796247,0.5703333497287075,0.36128344843558996,0.5665486295624261,0.37236212149442177,0.0,0.0,0.0
Group_B,8,6,"Run_1,Run_2",0.0001816860465116279,0.0022724790544754116,0.9977275209455246,0.5623832852837561,0.56226512584088,0.6529067750977039,0.6527695962326586,0.0,69.25,94.625
Group_C,8,6,"Run_1,Run_2",0.0,0.003493516286841349,0.9965064837131586,0.5449146809664368,0.5449146809664368,0.6326263535262766,0.6326263535262766,0.0,42.875,59.875
