group,n_cases,n_models_observed,runs_observed,R_H_mean,R_R_mean,rationality_pass_mean,H_norm_k5_mean,EHE_k5_mean,H_norm_k4_mean,EHE_k4_mean,intervention_rows_mean,retry_rows_mean,retry_sum_mean
Group_A,12,6,"Run_1,Run_2",0.0,0.04159557149778359,0.9584044285022165,0.5946359331845102,0.5946359331845102,0.5657032565600516,0.5657032565600516,0.0,0.0,0.0
Group_B,12,6,"Run_1,Run_2",0.00012112403100775194,0.001631049174664202,0.9983689508253358,0.566466041121587,0.5663872681596694,0.6576467078399163,0.6575552552632195,0.0,58.916666666666664,78.91666666666667
Group_C,12,6,"Run_1,Run_2",0.0,0.002329010857894233,0.9976709891421057,0.5584424514700367,0.5584424514700367,0.6483316087230252,0.6483316087230252,0.0,42.0,55.166666666666664
