group,n_cases,R_R_final_mean,R_H_final_mean,H_norm_k4_final_mean,EHE_k4_final_mean
Group_A,18,0.08983121259167985,0.45315232903594704,0.5678391448694655,0.33804848807872967
Group_B,18,0.0020871853411691074,0.1028143228838209,0.6109682872980152,0.5440380293899791
Group_C,18,0.0016114007081756713,0.09964134880022701,0.6051115509919451,0.5409321151824785
